Type,Name,Request Count,Failure Count,Median Response Time,Average Response Time,Min Response Time,Max Response Time,Average Content Size,Requests/s,Failures/s,50%,66%,75%,80%,90%,95%,98%,99%,99.9%,99.99%,100%
GET,//,95,0,90,139.7387052634976,65.28480000270065,600.9309000073699,471.0,1.6270193608334922,0.0,90,110,170,230,270,310,550,600,600,600,600
,Aggregated,95,0,90,139.7387052634976,65.28480000270065,600.9309000073699,471.0,1.6270193608334922,0.0,90,110,170,230,270,310,550,600,600,600,600
